{"cameraMode":{"drawMode":0,"name":"Shaded","section":"Shading Mode"},"sceneLighting":true,"audioPlay":false,"sceneViewState":{"m_AlwaysRefresh":false,"showFog":true,"showSkybox":true,"showFlares":true,"showImageEffects":true,"showParticleSystems":true,"showVisualEffectGraphs":true,"m_FxEnabled":true},"in2DMode":false,"pivot":{"x":134.44886779785157,"y":132.63616943359376,"z":-47.52012634277344},"rotation":{"x":0.05722449719905853,"y":-0.17814072966575623,"z":-0.010376260615885258,"w":-0.9822896122932434},"size":151.9254913330078,"orthographic":false}